{
  "apps": [
    {
      "name": "shopify_app",
      "script": "npm",
      "args": "run start",
      "env": {
        "NODE_ENV": "production",
        "SHOPIFY_API_KEY": "218c4f7143e1533b03f408c80f4a010a",
        "SHOPIFY_API_SECRET_KEY": "dfa4ca09e30e37574f73213c8ec3ffb4",
        "SHOPIFY_APP_URL": "https://app.fulfillzy.com",
        "SCOPES": "read_all_orders,read_orders,write_orders,write_products,read_assigned_fulfillment_orders,read_merchant_managed_fulfillment_orders,read_third_party_fulfillment_orders,write_assigned_fulfillment_orders,write_merchant_managed_fulfillment_orders,write_fulfillments,write_locations,read_locations",
        "PORT": 6969,
        "DATABASE_URL": "file:dev.sqlite",
        "SESSION_SECRET": "supersecretkeyforproduction1234567890",
        "LOG_LEVEL": "info"
      }
    }
  ]
}